﻿[
  {
    "id": 1,
    "type": "Crust",
    "name": "Thin",
    "price": 0
  },
  {
    "id": 2,
    "type": "Crust",
    "name": "Thick",
    "price": 200
  },
  {
    "id": 3,
    "type": "Crust",
    "name": "Pan",
    "price": 250
  },
  {
    "id": 4,
    "type": "Topping",
    "name": "Tomatoes",
    "price": 30
  },
  {
    "id": 5,
    "type": "Topping",
    "name": "Garlic",
    "price": 25
  },
  {
    "id": 6,
    "type": "Topping",
    "name": "Ginger",
    "price": 20
  },
  {
    "id": 7,
    "type": "Topping",
    "name": "Mushroom",
    "price": 25
  },
  {
    "id": 8,
    "type": "Sauce",
    "name": "Tomato",
    "price": 10
  },
  {
    "id": 9,
    "type": "Sauce",
    "name": "Chilli",
    "price": 15
  },
  {
    "id": 10,
    "type": "Sauce",
    "name": "Mayo",
    "price": 20
  },
  {
    "id": 11,
    "type": "Sauce",
    "name": "Honey",
    "price": 25
  },
  {
    "id": 12,
    "type": "Cheese",
    "name": "No",
    "price": 0
  },
  {
    "id": 13,
    "type": "Cheese",
    "name": "Normal",
    "price": 10
  },
  {
    "id": 14,
    "type": "Cheese",
    "name": "Extra",
    "price": 25
  }
]