﻿
{"Total":1150,"Id":"de9fd9f0-d8a4-4c2c-a2f0-79ba8c37eae4","PizzaIds":[1],"CustomizationIds":[2,3],"NonPizzaItems":[1,2]}
{"Total":1300,"Id":"d141c609-d376-4e99-99d6-10484e3321fe","PizzaIds":[2],"CustomizationIds":[2,3],"NonPizzaItems":[1,2]}
{"Total":560,"Id":"77582e06-32da-4df3-b61c-adc09b6e54fe","PizzaIds":[1],"CustomizationIds":[1],"NonPizzaItems":[1]}
{"Total":560,"Id":"fd293e7d-d395-4c78-9eff-3ef7291ed51b","PizzaIds":[1],"CustomizationIds":[1],"NonPizzaItems":[1]}
{"Total":560,"Id":"7dc54478-0232-4db4-9daa-ab576fa0d612","PizzaIds":[1],"CustomizationIds":[1],"NonPizzaItems":[1]}
{"Total":560,"Id":"4c6d5696-f2d3-498d-9bdf-aa5ce80fdd91","PizzaIds":[1],"CustomizationIds":[1],"NonPizzaItems":[1]}
{"Total":560,"Id":"b410d66c-9252-408a-b5df-24ff9037dd48","PizzaIds":[1],"CustomizationIds":[1],"NonPizzaItems":[1]}
{"Total":620,"Id":"c990c553-4344-4539-beeb-ed87580284d2","PizzaIds":[1],"CustomizationIds":[],"NonPizzaItems":[2]}
{"Total":1270,"Id":"0872fb44-7bfb-47f4-9018-517032623daf","PizzaIds":[2,1],"CustomizationIds":[1,9,6,5],"NonPizzaItems":[1]}
{"Total":700,"Id":"d16a9c8a-60a3-4a12-a215-3ff9c2383ab2","PizzaIds":[1],"CustomizationIds":[2],"NonPizzaItems":[]}
{"Total":60,"Id":"18125576-acbb-4d6f-814b-93d842a6ac02","PizzaIds":[],"CustomizationIds":[],"NonPizzaItems":[1]}
{"Total":500,"Id":"9d25d0d2-bc17-456b-8378-1a4d27c741ee","PizzaIds":[1],"CustomizationIds":[],"NonPizzaItems":[]}
{"Total":955,"Id":"2af952d1-c777-43f0-8c02-49d38fd43599","PizzaIds":[1],"CustomizationIds":[2,9,10,11,6,5,4],"NonPizzaItems":[2]}
{"Total":975,"Id":"81ed707d-0f22-457b-9aa5-2e0d5bbd3a93","PizzaIds":[1],"CustomizationIds":[3,11,6],"NonPizzaItems":[1,2]}
{"Total":755,"Id":"d6a7b67a-72bb-44e6-933e-698766859b8a","PizzaIds":[2],"CustomizationIds":[10,9,8],"NonPizzaItems":[1]}
